,customer_id,overdue_sum,pay_normal,credit_limit,new_balance,highest_balance,high_credit_risk
0,58987402,0,1,16500.0,0.0,,0
5,58995151,0,1,,588720.0,491100.0,1
19,58997200,0,2,,840000.0,700500.0,0
29,54988608,0,3,37400.0,8425.2,7520.0,0
33,54987763,0,2,,15147.6,,0
43,59004828,0,3,88000.0,3196.8,6193.0,0
48,58994429,0,2,16500.0,3252.0,3210.0,1
52,54987756,0,2,,365331.6,304943.0,0
65,58988028,0,4,,16795.2,28500.0,0
71,58993180,0,3,,26688.0,31300.0,0
78,58996551,0,4,,7957.2,9411.0,0
89,54991742,0,4,,60572.4,65401.0,0
121,58991324,0,1,,118800.0,99500.0,0
128,58993672,0,3,16500.0,3487.2,3406.0,0
133,59004333,0,4,,39613.2,,0
139,54991294,0,1,,2617.2,2681.0,0
149,54987489,0,1,,0.0,,1
160,54991492,0,1,,28156.8,35700.0,1
167,59005881,0,2,,44400.0,37500.0,1
170,58994986,0,1,51700.0,1352.4,,0
176,59001751,0,2,108900.0,6094.8,101068.0,0
180,58992344,0,1,27500.0,0.0,,0
189,54987871,0,5,,204909.6,180500.0,0
196,58991158,0,2,,17556.0,21400.0,1
209,59001138,0,2,,24000.0,30500.0,0
221,59004654,0,1,129800.0,17748.0,15290.0,0
227,59003954,0,1,,355164.0,295500.0,0
237,58996773,0,2,,137853.6,115378.0,0
247,58994744,0,2,105600.0,1.2,3766.0,1
251,54992094,0,2,,25182.0,21485.0,0
255,58986751,0,1,,60000.0,50500.0,0
259,58987276,0,3,,540000.0,460500.0,0
298,59005254,0,5,,2496.0,19187.0,0
300,54991896,0,1,,21600.0,27500.0,1
306,54988051,0,1,116600.0,32210.4,27341.0,1
308,58988092,0,2,,180000.0,150500.0,0
317,58995877,0,2,,14616.0,17900.0,1
326,54988154,0,1,,25921.2,22101.0,1
328,58994035,0,1,57200.0,15753.6,13627.0,0
333,58993990,0,1,,360000.0,300500.0,1
336,58994019,0,2,,21831.6,26490.0,0
345,54992357,0,3,104500.0,92110.8,77258.0,0
348,54984524,0,2,100100.0,70514.4,59262.0,0
355,59001175,0,1,63800.0,2050.8,2208.0,0
357,58994856,0,3,58300.0,13995.6,53414.0,1
362,59005571,0,4,,14786.4,22327.0,1
365,58982387,0,2,110000.0,26428.8,27303.0,0
380,58996590,0,2,,1547596.8,1296347.0,0
383,59005708,0,1,,513638.4,428532.0,0
396,59005099,0,2,,24000.0,30500.0,0
401,58993461,0,2,,3356.4,3297.0,0
408,58992482,0,1,85800.0,38505.6,32587.0,0
421,54987053,0,2,,2325.6,2681.0,0
432,58993992,0,1,,18000.0,15500.0,0
434,59001951,0,2,,29748.0,43000.0,0
438,59003535,0,3,,23328.0,35500.0,0
448,58986444,0,2,,0.0,3549.0,0
456,58987491,0,2,127600.0,46910.4,49591.0,0
460,59003268,0,2,,13945.2,12121.0,1
464,58988166,0,3,,5451.6,16150.0,0
467,54984727,0,2,,46431.6,41100.0,0
474,54988259,0,3,70400.0,39973.2,34710.0,0
484,58995813,0,4,,7200.0,12500.0,0
507,59003975,0,1,182600.0,24327.6,20773.0,0
511,54988427,0,5,,32262.0,44500.0,0
524,54987715,0,4,,27679.2,29334.0,0
529,54992448,0,1,,180000.0,150500.0,0
537,59003000,0,1,69300.0,39766.8,33639.0,0
543,59006139,0,2,,27901.2,23751.0,0
547,58994468,0,1,,47875.2,42500.0,0
561,58993373,0,1,,11116.8,14400.0,1
569,58992868,0,1,68200.0,6244.8,5704.0,0
573,59005496,0,2,,27297.6,23248.0,0
575,58995303,0,3,82500.0,24252.0,50050.0,1
585,59002619,0,1,61600.0,6177.6,5648.0,0
590,58993467,0,2,44000.0,47262.0,39884.0,0
592,58987077,0,2,33000.0,31924.8,27104.0,0
603,59004779,0,4,,15120.0,21500.0,0
618,54991585,0,3,,0.0,,0
626,54984913,0,4,,204925.2,179500.0,0
644,54987316,0,3,22000.0,21976.8,19800.0,0
656,59005860,0,1,,240000.0,200500.0,0
662,59005543,0,1,526900.0,288790.8,241159.0,1
667,54984978,0,1,,190800.0,159500.0,1
670,58988287,0,1,99000.0,685.2,1071.0,0
677,59005266,0,1,78100.0,4102.8,3918.0,0
679,54988630,0,2,,18973.2,20265.0,0
692,59001486,0,1,346500.0,2865.6,2888.0,0
717,54984810,0,2,66000.0,14347.2,16139.0,0
720,54988422,0,3,33000.0,4760.4,4467.0,0
732,58995594,0,3,,1066.8,36632.0,0
755,54988329,0,2,,59666.4,67500.0,0
763,54987215,0,2,,17157.6,21950.0,0
784,58996840,0,2,,5821.2,5351.0,1
786,59002016,0,1,,684.0,1070.0,0
790,54984680,0,3,,12396.0,8080.0,0
802,59005303,0,4,,35043.6,29703.0,0
809,59001917,0,2,,22764.0,19470.0,1
811,59002945,0,3,,2386.8,3173.0,0
817,54991086,0,4,106700.0,104354.4,98609.0,1
819,59003358,0,4,49500.0,33427.2,40557.0,0
822,59002037,0,3,44000.0,16880.4,14566.0,1
825,59005841,0,2,,0.0,,0
835,58995703,0,1,,253.2,711.0,1
847,58996591,0,2,88000.0,2805.6,5826.0,0
850,59003325,0,1,64900.0,888.0,1240.0,1
854,59003249,0,1,46200.0,4102.8,3918.0,0
865,59003959,0,1,,0.0,,0
875,54988522,0,1,66000.0,682.8,1068.0,1
878,54984435,0,1,27500.0,496.8,,0
888,54991108,0,1,,0.0,,1
898,58987886,0,2,,66806.4,55500.0,0
928,58994712,0,1,101200.0,14290.8,12408.0,0
931,58995842,0,1,42900.0,682.8,1068.0,1
934,59004141,0,1,,0.0,,0
945,58997183,0,1,,30109.2,26500.0,1
948,54991827,0,3,60500.0,24163.2,24036.0,0
953,54987381,0,1,55000.0,2302.8,3719.0,0
958,58987512,0,1,,240000.0,200500.0,0
963,58987931,0,3,,46923.6,49379.0,0
971,58987232,0,5,118800.0,145.2,1068.0,0
974,59005490,0,5,93500.0,-1.2,85473.0,0
979,58996172,0,3,,80880.0,67900.0,1
988,59001195,0,2,,724740.0,470500.0,0
992,58988263,0,3,82500.0,0.0,44452.0,0
1000,58987200,0,1,,3248.4,3207.0,1
1009,59004680,0,2,201300.0,2649.6,10223.0,0
1016,58995283,0,1,,0.0,,0
1029,58994781,0,1,,350953.2,290500.0,0
1032,59002087,0,1,105600.0,7202.4,6501.0,0
1034,54984634,0,1,48400.0,56890.8,47908.0,1
1039,59002775,0,1,189200.0,6838.8,6198.0,0
1048,58994224,0,1,129800.0,124102.8,103918.0,0
1056,59004235,0,1,,24000.0,20500.0,1
1066,58996127,0,2,,16800.0,24500.0,0
1078,58992711,0,1,110000.0,4102.8,3918.0,0
1080,58987375,0,1,16500.0,493.2,911.0,0
1090,58995381,0,1,,180000.0,150500.0,0
1098,59004757,0,1,,728560.8,600500.0,0
1100,58992285,0,1,74800.0,7870.8,7058.0,1
1104,58996069,0,1,116600.0,684.0,1070.0,0
1112,54988214,0,1,,125208.0,109500.0,0
1124,54990604,0,1,119900.0,4102.8,3918.0,1
1134,58995231,0,2,88000.0,10436.4,9197.0,0
1143,59004540,0,1,,0.0,50500.0,1
1154,59003330,0,2,,10288.8,9074.0,0
1159,54988666,0,3,,63998.4,80500.0,0
1163,58996802,0,3,,23520.0,28500.0,0
1173,58987142,0,1,104500.0,19441.2,16700.0,0
1197,58994493,0,2,68200.0,55249.2,46540.0,1
1201,58988044,0,1,,1026.0,,0
1206,58994607,0,2,,48448.8,48950.0,0
1213,58993369,0,1,112200.0,2050.8,2208.0,1
1215,59004230,0,2,55000.0,9046.8,8039.0,0
1222,58994284,0,2,,120000.0,100500.0,0
1232,58987926,0,2,69300.0,35757.6,32018.0,0
1244,54992046,0,2,49500.0,11551.2,10126.0,0
1246,59003524,0,1,108900.0,28654.8,24379.0,0
1248,54988581,0,2,66000.0,33946.8,28789.0,0
1250,58987961,0,4,,147598.8,125500.0,1
1254,58991841,0,1,16500.0,0.0,,0
1260,58993137,0,3,,4622.4,2209.0,1
1272,54988520,0,2,,90729.6,83500.0,1
1274,54992137,0,1,,178448.4,159943.0,0
1283,54989513,0,1,,21600.0,20500.0,0
1300,59005917,0,4,105600.0,12062.4,14742.0,0
1302,54992131,0,3,99000.0,11924.4,10437.0,0
1304,54984987,0,3,,6975.6,6313.0,0
1309,58986657,0,1,179300.0,4102.8,3918.0,0
1316,54986797,0,1,171600.0,682.8,1068.0,0
1333,54986472,0,1,68200.0,682.8,1068.0,0
1336,54992408,0,3,,11913.6,11682.0,0
1360,59001304,0,1,121000.0,4604.4,4337.0,0
1363,58996837,0,3,,114328.8,100500.0,0
1366,54988117,0,2,,24780.0,30000.0,1
1377,58994114,0,1,55000.0,0.0,,0
1381,54991441,0,2,,231681.6,196500.0,1
1385,54992451,0,3,,235296.0,200500.0,0
1390,54984577,0,2,174900.0,153999.6,128833.0,0
1395,59004966,0,1,,114435.6,100500.0,0
1397,58986784,0,1,,0.0,,1
1405,59004885,0,2,,18019.2,17662.0,1
1415,58994409,0,1,,18662.4,28500.0,0
1420,58991302,0,1,221100.0,39292.8,33243.0,0
1432,59005995,0,4,42900.0,43974.0,38946.0,0
1435,58992849,0,2,,59204.4,1525.0,0
1449,59000887,0,1,,17136.0,20900.0,0
1461,58995052,0,2,,6006.0,6225.0,0
1478,54991626,0,2,16500.0,14221.2,13114.0,0
1491,54991497,0,1,,60000.0,50500.0,0
1501,58995080,0,1,,33110.4,34990.0,0
1508,54991614,0,3,106700.0,26734.8,22779.0,0
1510,54986508,0,1,55000.0,1824.0,,0
1516,54986288,0,1,55000.0,16602.0,45855.0,0
1525,58995436,0,4,44000.0,47858.4,43505.0,1
1531,59005683,0,5,69300.0,32684.4,42326.0,0
1534,54990680,0,1,44000.0,44622.0,38856.0,1
1537,59003950,0,3,,27000.0,30500.0,0
1542,58993220,0,1,,11346.0,9955.0,1
1546,59004688,0,4,,0.0,7216.0,0
1553,54990331,0,2,194700.0,-25.2,8228.0,0
1557,58986996,0,2,,11400.0,19500.0,1
1563,59003717,0,1,,-1.2,,0
1569,58991638,0,2,61600.0,26078.4,49221.0,0
1571,54987199,0,1,55000.0,57937.2,49528.0,0
1582,58995950,0,4,,136658.4,120357.0,1
1601,58986716,0,1,,51516.0,48200.0,0
1619,58987097,0,2,103400.0,12856.8,28555.0,0
1633,59002145,0,1,23100.0,3266.4,3222.0,0
1640,54984235,0,1,,120000.0,100500.0,0
1642,58997157,0,4,55000.0,14720.4,40919.0,1
1645,58993064,0,2,,0.0,1400.0,0
1657,58993422,0,1,,2350.8,11720.0,0
1666,59001676,0,2,,10774.8,,1
1675,58994057,0,2,,583700.4,500500.0,0
1679,59001171,0,1,,34650.0,32000.0,0
1687,59002226,0,1,,57916.8,38500.0,1
1693,54988411,0,4,,15644.4,30579.0,1
1695,58986587,0,1,,105600.0,88500.0,0
1699,54987336,0,1,,294043.2,250500.0,0
1720,54989325,0,1,,578613.6,482500.0,0
1724,54984241,0,3,,68474.4,59500.0,1
1727,54990315,0,1,,30600.0,26000.0,0
1736,58992419,0,2,,36480.0,38500.0,1
1742,58991580,0,1,,56160.0,52500.0,0
1752,58999186,0,1,,0.0,,1
1760,59005275,0,5,,81583.2,100500.0,0
1768,59004621,0,2,132000.0,3708.0,3590.0,0
1770,59005880,0,4,193600.0,69610.8,62929.0,0
1778,58993948,0,2,117700.0,15718.8,13598.0,0
1780,59002841,0,1,100100.0,8298.0,7415.0,0
1783,58993847,0,1,,1678.8,1899.0,1
1788,54987040,0,1,,600.0,1000.0,1
1795,58986298,0,1,,193200.0,161500.0,0
1814,58996882,0,4,,15120.0,25700.0,0
1825,54986575,0,1,,11760.0,15200.0,1
1828,58993173,0,3,88000.0,64660.8,81133.0,1
1830,54986974,0,3,55000.0,3652.8,16071.0,0
1841,59004857,0,5,22000.0,9480.0,17204.0,0
1844,58991228,0,1,,10396.8,13500.0,0
1854,59003229,0,3,,-1.2,2281.0,0
1858,58990519,0,1,,83034.0,69695.0,1
1862,58986183,0,2,,46671.6,39393.0,0
1868,59000497,0,2,69300.0,3676.8,4045.0,0
1871,54988697,0,4,,2127.6,6824.0,0
1873,58986727,0,2,,2024.4,2586.0,1
1880,58996294,0,2,,653330.4,470500.0,0
1884,58988212,0,4,,307.2,47941.0,0
1939,59004946,0,5,77000.0,51295.2,69058.0,0
1942,58992002,0,2,,54000.0,50500.0,0
1960,54984830,0,4,88000.0,0.0,,0
1963,59002949,0,3,22000.0,33.6,13334.0,0
1965,58986218,0,2,,1292.4,2033.0,0
1971,59000077,0,2,105600.0,4492.8,4243.0,1
1984,58999712,0,1,,17596.8,22500.0,1
1992,54988011,0,4,,414792.0,360500.0,1
2008,58993621,0,2,,-13485.6,28393.0,1
2011,58988250,0,4,,45196.8,57000.0,0
2018,59002933,0,3,,35286.0,35270.0,0
2021,58996247,0,6,215600.0,49579.2,55658.0,0
2029,58996619,0,5,,5006.4,60809.0,0
2031,59003155,0,3,46200.0,18438.0,15865.0,0
2035,58996494,0,4,22000.0,6144.0,6712.0,0
2040,58986950,0,4,,53320.8,48929.0,0
2054,54986826,0,2,,49800.0,525500.0,0
2056,58986339,0,2,,29794.8,25329.0,0
2065,58990611,0,2,172700.0,13507.2,37412.0,1
2068,58994773,0,4,111100.0,103656.0,86880.0,0
2070,59001607,0,3,105600.0,122484.0,102569.0,1
2087,54991321,0,3,72600.0,85938.0,72114.0,0
2090,54989180,0,1,42900.0,30067.2,25555.0,0
2094,54989207,0,2,,240379.2,200500.0,1
2098,58988200,0,3,,0.0,,1
2114,54991473,0,5,,9750.0,20000.0,0
2120,59002062,0,3,,42615.6,38500.0,0
2125,58992588,0,3,,475398.0,400500.0,0
2132,59000783,0,2,,291261.6,250500.0,1
2135,54986274,0,2,,39196.8,42500.0,0
2143,58985578,0,1,,0.0,,0
2154,58985589,0,2,,59810.4,3116.0,1
2159,58992044,0,3,,18240.0,19500.0,1
2165,58994149,0,5,,33600.0,40500.0,0
2182,58999709,0,1,,523.2,936.0,0
2191,58994340,0,6,,0.0,,1
2196,58997757,0,3,,12516.0,15400.0,0
2203,58983272,0,2,115500.0,5956.8,6690.0,0
2207,59003507,0,7,105600.0,104.4,81060.0,1
2209,59001898,0,4,78100.0,0.0,1060.0,0
2212,58988923,0,2,36300.0,23988.0,20490.0,0
2219,58999633,0,5,22000.0,8682.0,11134.0,0
2231,54983144,0,1,11000.0,673.2,1060.0,1
2235,54990614,0,6,,671072.4,600500.0,1
2246,58985236,0,4,,149040.0,2929.0,0
2263,59004930,0,9,,3375.6,34300.0,0
2272,58990724,0,3,,470130.0,812300.0,0
2291,58997876,0,5,,7180.8,62311.0,0
2299,59000383,0,5,,25892.4,47632.0,1
2301,59004856,0,7,82500.0,38584.8,43492.0,0
2303,54983353,0,5,,71703.6,64500.0,0
2308,58989048,0,4,,13077.6,22300.0,0
2315,58984937,0,4,,3070.8,3059.0,0
2320,58986566,0,3,,569050.8,500500.0,0
2340,58984645,0,4,,40998.0,36104.0,1
2354,54987017,0,6,,210088.8,190500.0,0
2359,58998866,0,5,,276734.4,247500.0,1
2369,58997551,0,1,127600.0,-46.8,1060.0,1
2372,58991182,0,8,,104293.2,100500.0,0
2377,58982909,0,4,,99158.4,83132.0,0
2392,58989891,0,7,,4252.8,14700.0,0
2402,58998988,0,8,,127914.0,147596.0,0
2407,54988879,0,7,,15000.0,30500.0,0
2410,58990958,0,7,,737126.4,650500.0,0
2427,58999208,0,8,,295040.4,266938.0,0
2459,59004000,0,10,,5191.2,17405.0,0
2462,54987651,0,8,,-1.2,37381.0,0
2473,54989322,0,8,,6476.4,16019.0,0
2477,58982857,0,9,,1891.2,19500.0,1
2479,54983229,0,9,,0.0,25400.0,0
2493,58994911,0,12,,0.0,24500.0,0
2500,58990112,0,11,,0.0,36100.0,0
2507,59001124,0,14,110000.0,684.0,1436.0,0
2513,54987829,0,16,82500.0,73298.4,61582.0,0
2515,58989327,0,10,20680.0,1962.0,12852.0,0
2519,54989781,0,12,,334130.4,2400500.0,0
2522,58994510,0,1,,0.0,30200.0,0
2529,58982587,0,9,,120000.0,100500.0,0
2532,58985008,0,10,,0.0,38500.0,1
2539,58982511,0,8,,2186.4,,0
2557,54990270,0,1,159500.0,759.6,1133.0,0
2560,59002731,0,4,,18199.2,,0
2564,59002213,0,4,,29568.0,35700.0,0
2567,58992134,0,4,88000.0,48170.4,65851.0,0
2582,58993203,0,3,,8875.2,15300.0,0
2593,54986049,0,3,119900.0,11221.2,50754.0,0
2596,58986294,0,3,,13500.0,23000.0,0
2604,54989455,0,1,104500.0,4102.8,3918.0,0
2606,54988000,0,5,88000.0,8601.6,75926.0,0
2609,58995803,0,6,,17432.4,39486.0,0
2610,54983694,0,2,99000.0,0.0,,0
2614,59003949,0,3,88000.0,452.4,2288.0,0
2623,58987426,0,5,,15355.2,32490.0,0
2639,59004587,0,1,,225596.4,200500.0,0
2643,59003723,0,4,,24000.0,30500.0,0
2645,54990275,0,3,,172179.6,150500.0,0
2660,59000340,0,2,33000.0,0.0,781.0,0
2666,54985820,0,2,,35640.0,33500.0,0
2683,59005852,0,7,20900.0,1146.0,3523.0,0
2685,58991753,0,3,,115996.8,100500.0,0
2689,58993081,0,5,,8220792.0,6880500.0,0
2711,58991640,0,3,,34020.0,41000.0,0
2721,58985964,0,2,,24000.0,25500.0,0
2733,54985924,0,3,,0.0,7230.0,1
2739,59006193,0,3,,0.0,12770.0,0
2747,58987368,0,4,,7924.8,12400.0,0
2761,58991432,0,4,,9470.4,3871.0,0
2764,58990850,0,3,110000.0,18552.0,15960.0,0
2766,58995389,0,4,,386210.4,350500.0,1
2767,54983279,0,1,,1011.6,,0
2770,54984717,0,7,,37544.4,31787.0,0
2771,58991594,0,3,223300.0,124366.8,104139.0,1
2778,54989030,0,2,94600.0,11041.2,11435.0,0
2783,58990258,0,1,77000.0,74634.0,62694.0,0
2785,58990649,0,3,,654260.4,564938.0,0
2788,58990934,0,1,,89665.2,,1
2803,58999012,0,2,,832.8,1062.0,0
2813,58987924,0,5,,84000.0,70500.0,0
2829,58991823,0,4,,466297.2,399290.0,0
2831,58997580,0,1,132000.0,0.0,,0
2835,54988306,0,7,88000.0,3859.2,21100.0,0
2839,54984606,1,4,36300.0,4006.8,5441.0,0
2843,58990576,0,3,,466923.6,395500.0,0
2845,54986538,0,3,,8985.6,7988.0,1
2852,54983792,0,1,,9312.0,8260.0,0
2867,59000853,0,2,97900.0,129.6,1381.0,0
2870,58984882,0,1,66000.0,36000.0,30500.0,0
2877,58987541,0,5,46200.0,46047.6,42271.0,1
2880,58987963,0,5,24200.0,0.0,15664.0,0
2896,58988021,0,6,102300.0,7855.2,13676.0,0
2898,59002060,0,4,67100.0,29358.0,24965.0,0
2905,58984992,0,2,,16560.0,21200.0,0
2910,59004716,0,7,44000.0,0.0,3869.0,0
2917,58995727,0,7,42900.0,18499.2,38338.0,0
2920,59003111,0,6,,14994.0,25490.0,1
2927,58997104,0,6,,132559.2,150500.0,0
2932,58998105,0,3,,57824.4,50500.0,0
2943,58994324,0,7,99000.0,22237.2,57489.0,0
2946,58999945,0,5,55000.0,4646.4,26327.0,0
2950,58990628,0,4,,9264.0,,0
2970,58982795,0,2,168300.0,11156.4,23305.0,1
2973,58984430,0,2,55000.0,41737.2,51205.0,0
2980,54986705,0,6,31900.0,6634.8,11473.0,0
2983,58984737,0,4,,88304.4,75500.0,0
2987,54986067,0,6,102300.0,42679.2,36066.0,0
2988,58995860,0,9,62700.0,17664.0,55655.0,0
2990,59000307,0,5,,3013.2,11219.0,0
3023,58991389,0,8,,5280.0,22500.0,0
3031,58985654,0,8,138600.0,131935.2,110446.0,0
3035,58989033,0,6,,42409.2,,0
3040,58999966,0,9,,1935.6,19900.0,0
3054,58998781,0,6,40700.0,-34.8,14571.0,0
3056,59000457,0,5,,0.0,100500.0,0
3061,58999868,0,11,,0.0,28000.0,0
3069,54982897,0,9,,28309.2,36700.0,0
3074,59000764,0,11,,0.0,20100.0,0
3082,54986028,0,11,,5370.0,,0
3085,59004521,0,15,,756.0,21255.0,0
3090,58990826,0,13,68200.0,4190.4,23105.0,0
3099,59001343,0,14,19800.0,0.0,13797.0,0
3103,59003192,0,15,,181365.6,200500.0,0
3114,58990469,0,13,,3487.2,5316.0,1
3121,54985691,0,3,50600.0,56550.0,47624.0,1
3127,58990200,0,2,,10080.0,11000.0,0
3139,58998876,0,3,,16677.6,28300.0,0
3159,59003191,0,6,69300.0,-1.2,7858.0,0
3162,59005290,0,7,,58614.0,35804.0,0
3171,54985748,0,2,,18000.0,23000.0,0
3189,59005255,0,7,114400.0,89700.0,83562.0,0
3191,58986723,0,5,91300.0,182.4,9176.0,0
3194,54986851,0,1,78100.0,21942.0,18785.0,1
3200,58984757,0,1,75900.0,2020.8,2184.0,0
3203,59002534,1,4,,126000.0,105500.0,0
3208,54983809,0,2,,47700.0,40500.0,1
3211,59003138,0,5,39600.0,25215.6,29814.0,0
3215,58987210,0,6,,4560.0,19500.0,0
3225,58989777,0,2,99000.0,40957.2,37131.0,0
3236,58986051,0,3,,114585.6,100500.0,0
3238,54989201,0,3,,23520.0,25000.0,0
3244,58985717,0,3,,29247.6,33000.0,0
3247,59004658,0,6,55000.0,20966.4,17972.0,1
3248,54983915,0,4,47300.0,187.2,4437.0,0
3251,58989284,0,1,,33600.0,35500.0,0
3267,54984671,0,7,,2078.4,10892.0,0
3273,58995493,0,5,,2808.0,4607.0,0
3274,54985730,0,2,23100.0,4140.0,11448.0,1
3276,58989132,0,1,102300.0,42316.8,35763.0,0
3281,58989746,0,2,74800.0,28558.8,69527.0,1
3286,58996010,0,4,,111966.0,100500.0,0
3291,59001692,0,3,,8551.2,7626.0,0
3301,54986029,0,4,,1230.0,,0
3314,54985832,0,2,,33268.8,,1
3321,54986113,0,4,,633732.0,549938.0,0
3327,54986045,0,3,,19490.4,32990.0,0
3336,54984476,0,4,,10368.0,22100.0,0
3345,54987320,0,5,,41966.4,35472.0,0
3354,54987487,0,3,121000.0,25731.6,28472.0,0
3360,58983271,0,1,,0.0,,0
3367,54989788,0,4,,23940.0,29000.0,0
3378,58982978,0,1,,19118.4,24400.0,1
3405,54983292,0,2,,155492.4,1450500.0,0
3421,54982913,0,1,,371622.0,319500.0,0
3425,58999963,0,4,,15994.8,30494.0,0
3431,58991395,0,2,,381136.8,314500.0,0
3448,59004349,0,6,180400.0,28890.0,64187.0,0
3453,58987161,0,4,103400.0,44084.4,51151.0,0
3458,58995532,0,6,111100.0,0.0,18437.0,0
3462,58983482,0,1,,0.0,,0
3481,54988614,0,9,,1500.0,15500.0,0
3487,58984557,0,4,161700.0,36333.6,73513.0,0
3494,54983601,30,4,112200.0,27194.4,24917.0,0
3500,54986055,0,6,,14064.0,29800.0,0
3507,58990273,0,6,100100.0,-1.2,28746.0,0
3513,58991271,0,1,,654562.8,544500.0,0
3527,59002005,0,8,106700.0,35824.8,96073.0,0
3531,54983307,0,7,67100.0,14257.2,39861.0,0
3542,58999145,0,8,,6000.0,30500.0,0
3566,54984211,0,9,,3209468.4,2700500.0,0
3579,54985988,0,10,117700.0,61747.2,104100.0,0
3583,58991922,0,10,,4800.0,,0
3592,58996823,0,9,,0.0,16750.0,0
3594,58992602,0,11,,-1.2,3655.0,0
3600,58998166,0,8,,199824.0,202000.0,0
3614,58997951,0,8,,3336.0,17190.0,1
3628,58990737,0,4,,1868848.8,1600500.0,1
3632,58997314,0,5,,405358.8,350500.0,0
3646,59002046,0,9,,25200.0,21500.0,0
3647,58996112,0,13,,52236.0,55500.0,0
3658,54985473,0,4,,12940.8,30545.0,0
3663,58984516,0,6,,1586.4,1846.0,0
3685,58988855,0,1,84700.0,-445.2,3869.0,0
3693,58998029,0,9,55000.0,22269.6,29594.0,0
3700,54988970,0,6,,36478.8,30899.0,0
3702,54987636,0,13,,11906.4,21933.0,1
3705,58996391,0,15,,1128216.0,958414.0,1
3710,59000320,0,12,118800.0,49240.8,95536.0,0
3712,54992564,0,14,110000.0,-2.4,67676.0,0
3717,58990154,0,11,86900.0,4465.2,41558.0,0
3744,54990497,0,1,,0.0,250197.0,0
3792,54988984,0,10,,158384.4,150500.0,0
3795,54986075,18,11,70400.0,41290.8,51621.0,1
3803,58989056,0,10,,147276.0,150500.0,1
3808,58997607,0,1,,0.0,20500.0,0
3833,54982727,0,1,70400.0,4044.0,3869.0,0
3851,58986188,0,4,38500.0,0.0,35210.0,0
3856,54987747,0,1,,13720.8,27950.0,0
3858,58994299,0,7,,10442.4,22251.0,0
3874,58987511,0,6,,29017.2,37951.0,0
3877,54986977,0,5,,21000.0,42500.0,1
3883,58991249,0,5,55000.0,13824.0,24992.0,0
3886,59000958,30,3,48400.0,-34.8,1077.0,0
3892,54988244,0,7,36300.0,21268.8,32796.0,0
3899,58990897,0,5,,-1.2,17840.0,0
3903,54985606,0,4,183700.0,207001.2,178169.0,0
3910,59000842,0,5,40700.0,45039.6,38905.0,1
3914,54984416,0,1,,328124.4,273937.0,0
3915,58995172,0,7,,975210.0,900500.0,0
3917,58996507,0,7,67100.0,35470.8,47575.0,0
3919,58993131,0,2,,42852.0,36210.0,1
3930,58984889,0,3,114400.0,111727.2,100479.0,0
3932,58982354,0,1,,16800000.0,14000500.0,1
3938,59003131,0,7,,1688.4,27840.0,0
3939,58987900,0,7,84700.0,2948.4,47442.0,0
3948,58987028,0,5,66000.0,48414.0,60865.0,1
3951,58991618,0,5,,6796.8,25990.0,1
3962,58990986,0,2,,3195.6,3163.0,0
3966,58992592,0,6,,-2.4,16698.0,0
3970,58994346,0,6,,18576.0,39200.0,0
3993,54986879,0,6,,11700.0,20000.0,0
4000,54983411,0,3,123200.0,127846.8,107039.0,0
4007,58985900,0,4,,146356.8,125500.0,1
4030,58995726,0,9,,19672.8,82041.0,0
4039,59002317,0,7,,3600.0,18500.0,0
4049,58998275,0,3,,71864.4,66800.0,1
4064,54986688,0,5,,313273.2,280500.0,0
4068,58988432,0,1,,360000.0,300500.0,0
4076,54986167,0,5,,7293.6,15090.0,0
4088,54985654,0,2,,24240.0,20700.0,1
4091,58989333,0,3,107800.0,2176.8,98264.0,0
4093,54985176,0,2,,172800.0,144500.0,0
4101,58984702,0,2,193600.0,10698.0,10851.0,0
4110,59004394,0,7,46200.0,54134.4,48356.0,0
4112,58999019,0,2,,34260.0,,0
4119,59003935,0,6,,5160.0,13400.0,0
4122,59004203,0,7,82500.0,13498.8,32390.0,0
4125,59003965,0,5,66000.0,-10.8,18191.0,0
4128,58998405,0,2,,931.2,1336.0,0
4133,58992006,0,1,,21960.0,31000.0,1
4138,58991938,0,5,,132480.0,110900.0,0
4151,58988933,0,1,,1807909.2,2276500.0,0
4155,58997773,0,2,49500.0,48249.6,43795.0,1
4159,58984475,0,4,124300.0,2.4,10218.0,0
4164,59005448,0,9,,5562.0,,0
4175,58988505,0,2,,826604.4,700500.0,0
4180,58991759,0,8,,18000.0,45500.0,0
4193,58990289,0,8,330000.0,234530.4,204548.0,0
4198,54983466,0,5,82500.0,0.0,9409.0,0
4206,54983561,0,6,,5520.0,12000.0,1
4212,58988822,0,5,,286934.4,250500.0,0
4238,58988956,0,6,,15999.6,24501.0,0
4249,54982856,0,6,,330338.4,304879.0,1
4257,54990339,0,8,,621036.0,480500.0,0
4259,54985355,0,6,,566413.2,520500.0,0
4275,58998566,0,8,,3978.0,3815.0,0
4287,54987088,0,11,,44857.2,,0
4311,58988942,0,5,,18720.0,26500.0,0
4320,58989592,7,3,,-32.4,973.0,1
4322,58993040,0,11,,113031.6,96151.0,0
4330,58998706,0,8,,18576.0,32860.0,0
4342,58993803,0,2,,0.0,,0
4359,54985214,0,2,,0.0,46281.0,0
4368,58997354,0,8,,10722.0,,0
4375,58997724,0,11,,0.0,23000.0,1
4386,58992108,0,10,,71654.4,62893.0,1
4388,59002628,0,11,,0.0,15700.0,1
4394,54992395,0,12,,0.0,15550.0,0
4401,58992934,0,14,,306524.4,300500.0,0
4407,54985378,0,10,,187906.8,175500.0,0
4416,54985192,0,3,105600.0,41834.4,36377.0,1
4418,54985241,0,2,,21672.0,26300.0,0
4423,58994395,0,8,95700.0,105087.6,90947.0,0
4429,59001107,0,7,80300.0,44738.4,65431.0,0
4431,58984255,0,2,,268.8,936.0,1
4437,54989095,0,4,51700.0,1273.2,6455.0,1
4440,58995903,0,2,,24436.8,21000.0,0
4449,58993212,0,6,,112848.0,103500.0,0
4479,54983331,0,2,,142810.8,121500.0,0
4488,54983934,0,4,55000.0,14445.6,25660.0,0
4496,54984789,0,9,,87733.2,73611.0,1
4500,58989082,0,1,,673.2,1061.0,1
4505,58982806,0,2,77000.0,0.0,3137.0,0
4513,58990734,0,3,,0.0,1171.0,0
4517,54989680,0,4,,219030.0,202360.0,0
4524,58993764,0,7,41800.0,44079.6,43741.0,0
4531,58982606,0,1,,1242.0,1535.0,0
4534,59004662,0,9,122100.0,4759.2,30497.0,0
4542,58996991,0,10,49500.0,31662.0,26885.0,0
4553,54991368,0,6,40700.0,26893.2,39499.0,0
4556,54988107,0,8,,265600.8,250500.0,1
4565,54986034,0,6,100100.0,360.0,56759.0,0
4567,54988052,0,9,85800.0,84360.0,75824.0,0
4573,54985643,0,5,16500.0,12385.2,11759.0,0
4579,58984128,0,3,,5782.8,2968500.0,0
4595,58990862,0,6,,273850.8,250500.0,0
4601,59002170,0,7,,60262.8,57500.0,0
4609,58988486,0,2,78100.0,5925.6,5437.0,0
4617,58983946,0,3,40700.0,2881.2,3875.0,0
4621,54987857,0,9,,6240.0,26500.0,1
4624,54988132,0,9,,-14156.4,78343.0,0
4628,58985806,0,5,,4265714.4,3950500.0,0
4640,58993039,0,7,,29028.0,48480.0,0
4646,58999555,0,6,,46318.8,11846.0,0
4656,54988645,0,8,275000.0,4101.6,36093.0,0
4673,58987530,0,8,84700.0,13212.0,37847.0,0
4683,59002472,0,5,79200.0,8623.2,7686.0,1
4688,54985862,0,5,,25539.6,32065.0,0
4706,54990031,0,5,,171703.2,150500.0,0
4709,58992457,0,7,,265280.4,248500.0,0
4715,58985870,0,5,,-356.4,15731.0,0
4722,58999612,0,5,134200.0,83025.6,94749.0,0
4726,58993548,0,8,46200.0,20281.2,44182.0,0
4733,54989291,0,6,83600.0,307.2,11085.0,0
4735,54982721,0,3,79200.0,41946.0,35455.0,1
4745,58997872,0,5,16500.0,5718.0,15077.0,0
4750,54986944,0,7,,42176.4,35685.0,0
4758,54985215,0,3,,608812.8,514438.0,0
4766,59002105,0,7,,0.0,,1
4769,58994215,0,9,95700.0,68991.6,61289.0,0
4773,54990623,0,7,37400.0,38227.2,34086.0,1
4777,58995904,0,3,,38962.8,61769.0,0
4788,59001565,0,3,,39960.0,56000.0,0
4794,58992627,0,5,158400.0,1126.8,6970.0,0
4798,54983046,0,1,77000.0,4414.8,4178.0,0
4801,58991420,0,3,63800.0,638.4,36225.0,0
4805,58983813,0,1,128700.0,4084.8,3904.0,0
4817,58987213,0,8,,2256.0,5780.0,0
4821,58985868,0,1,,5996.4,5497.0,0
4830,58988886,0,2,55000.0,48672.0,41060.0,0
4834,58989278,0,4,,8988.0,15490.0,0
4840,54983198,0,4,,600.0,14884.0,0
4864,58985198,0,4,,4308.0,4808.0,0
4870,58990136,0,5,,26484.0,52506.0,1
4875,54984616,0,4,,0.0,19820.0,0
4881,58998637,0,1,48400.0,0.0,,0
4888,58989956,0,5,,274782.0,250500.0,0
4892,58998989,0,7,,10616.4,,0
4895,54989304,0,8,,0.0,,0
4913,54984766,0,10,,56524.8,59500.0,0
4928,54990272,0,11,68750.0,49105.2,62345.0,0
4938,58995487,0,14,41250.0,20061.6,17218.0,0
4946,54983470,0,9,,90060.0,,0
4960,58984336,0,9,183700.0,5431.2,8358.0,0
4967,58988853,0,9,,483700.8,448259.0,0
4978,54985058,0,2,,8028.0,,0
4989,59004503,0,4,77000.0,2642.4,12832.0,0
4991,58988534,0,3,44000.0,9981.6,17429.0,0
4994,54987807,0,9,,13839.6,55094.0,0
5006,59004991,0,9,,2712.0,23300.0,0
5012,58985909,0,5,,52383.6,53500.0,0
5017,59003649,0,7,,556935.6,509718.0,0
5025,58984900,0,5,64900.0,15432.0,16376.0,0
5030,58990902,0,6,114400.0,60709.2,84500.0,1
5033,58989705,0,4,,70754.4,59462.0,1
5038,54983895,0,6,60500.0,21882.0,18735.0,0
5041,59000105,0,5,,3837.6,4624.0,0
5042,58985599,0,5,113300.0,6244.8,29765.0,0
5045,54985816,0,5,,51964.8,43804.0,0
5047,58999668,0,4,121000.0,35802.0,30475.0,0
5051,54989264,0,2,,117481.2,100500.0,0
5056,58994121,0,9,46200.0,26989.2,30804.0,1
5059,59004571,0,1,44000.0,34393.2,40045.0,0
5062,58997856,0,7,,40681.2,29351.0,0
5068,59004304,0,9,,98180.4,100500.0,0
5075,58991751,0,7,91300.0,22771.2,51623.0,0
5082,54983232,0,5,80300.0,-2110.8,7966.0,1
5088,58982668,0,3,22000.0,43.2,5500.0,0
5101,59002314,0,9,,511.2,15532.0,0
5114,58993789,0,7,,31332.0,40500.0,0
5119,58990235,0,6,68750.0,-3.6,50477.0,0
5125,54985410,0,4,,116596.8,110500.0,0
5153,58993153,0,9,,62974.8,,0
5168,59002542,0,8,,17672.4,16043.0,0
5169,58999582,0,7,,10800.0,23000.0,0
5179,58984371,0,4,,326163.6,280500.0,0
5185,58991130,0,1,102300.0,673.2,1060.0,0
5194,58991802,0,3,,24847.2,,0
5205,54986064,0,1,,283083.6,240500.0,1
5220,59003842,0,7,115500.0,28222.8,31870.0,0
5223,58995451,0,8,,5520.0,28100.0,0
5228,54985234,0,2,125400.0,135097.2,113080.0,1
5230,58997719,0,3,69300.0,8596.8,25587.0,0
5233,54985821,0,2,86900.0,-34.8,2570.0,0
5244,58998646,0,6,,68160.0,85700.0,0
5289,58983266,0,4,,575247.6,499500.0,0
5301,58986053,0,5,,163855.2,150500.0,0
5308,59001184,0,9,,8248.8,22747.0,0
5309,58984798,0,5,,1506152.4,1250500.0,0
5317,59000502,0,8,,3472.8,4520.0,0
5324,59004284,0,12,,919.2,16283.0,0
5329,59004226,0,13,,21616.8,18514.0,0
5330,58987349,0,11,,1790.4,1992.0,0
5340,54983039,49,3,,517.2,973.0,0
5345,58995289,0,13,,65373.6,102500.0,0
5356,54985177,0,8,,53198.4,44832.0,0
5367,54987227,0,12,,0.0,31800.0,0
5374,58984801,0,12,57200.0,54337.2,52775.0,0
5381,54985084,0,10,,191073.6,200500.0,1
5384,59002836,0,9,55000.0,0.0,600.0,0
5391,59000104,0,8,110000.0,29314.8,28863.0,0
5395,59002389,0,9,44000.0,19450.8,25993.0,0
5399,54985076,0,0,,0.0,100500.0,1
5409,54991685,0,9,,8898.0,16151.0,0
5412,59002231,0,9,132000.0,40628.4,115788.0,0
5417,58987186,0,10,83600.0,60961.2,78987.0,0
5419,58991252,0,9,68200.0,73618.8,63626.0,0
5422,58989150,0,5,,21620.4,,0
5442,58999690,0,7,46200.0,28434.0,36816.0,0
5444,58994767,0,10,,1627.2,40217.0,1
5448,54990536,0,9,23100.0,23151.6,26498.0,0
5449,59004078,0,9,95700.0,-157.2,8713.0,0
5454,58999971,0,7,,227956.8,200500.0,1
5459,58994301,0,10,55000.0,37051.2,32068.0,1
5464,59000044,0,8,31900.0,13419.6,29473.0,0
5467,58994089,0,9,,5235.6,19197.0,1
5478,58991722,0,7,121000.0,32205.6,42082.0,0
5484,58995117,0,10,,14306.4,96817.0,0
5487,58985805,0,6,,0.0,120500.0,1
5489,58989774,0,6,,25798.8,43500.0,0
5499,58989270,0,6,,1317567.6,1178500.0,0
5512,58996671,0,10,,468048.0,364500.0,0
5517,54982549,0,4,,622860.0,500500.0,1
5527,58985847,0,3,,41492.4,41500.0,0
5531,58992063,0,9,,8664.0,7720.0,0
5537,58991651,0,9,,12274.8,23500.0,0
5542,54986325,0,9,,107911.2,106785.0,0
5547,58989220,0,5,125400.0,53167.2,58112.0,0
5553,58991194,0,7,92400.0,26947.2,25525.0,0
5556,58991789,0,9,,4800.0,24835.0,1
5557,58996558,0,9,,-1.2,9362.0,1
5563,54989873,0,6,,85466.4,71722.0,0
5569,59000942,0,4,188100.0,204000.0,170499.0,0
5573,54986125,0,3,115500.0,63327.6,104942.0,0
5575,58991607,0,3,73700.0,10902.0,59469.0,0
5581,54989251,0,3,,341564.4,300500.0,0
5618,58995407,30,3,,609645.6,550500.0,1
5636,59000868,0,5,,13671.6,18206.0,1
5638,58992510,0,7,16500.0,18988.8,17619.0,0
5643,58997954,0,5,,6247.2,13000.0,0
5648,54985180,0,2,,4258.8,4760.0,0
5656,54987936,0,2,,0.0,1624.0,0
5659,58987220,0,9,,20553.6,18329.0,1
5662,54986165,0,3,,0.0,100500.0,0
5665,58997112,27,13,,119360.4,145500.0,0
5672,58985005,0,10,,119314.8,110500.0,1
5683,54984070,0,12,,258066.0,247117.0,0
5685,58984182,0,10,,47242.8,47800.0,0
5700,54985110,0,4,,0.0,100500.0,0
5705,59000510,0,4,,0.0,100500.0,0
5736,58998715,0,7,,6792.0,34500.0,0
5750,58984589,0,7,88000.0,33795.6,38262.0,0
5757,54984201,0,9,102300.0,99640.8,94502.0,0
5760,59004489,0,4,,0.0,100500.0,0
5767,58998578,0,4,,0.0,100500.0,0
5793,54986146,0,4,,84372.0,75500.0,1
5799,58999328,0,9,70400.0,25964.4,72471.0,1
5804,58989781,0,7,33000.0,23220.0,25740.0,1
5817,54987300,0,10,,0.0,22800.0,1
5821,59003701,0,11,,867.6,26892.0,0
5822,59000639,0,10,45100.0,45703.2,41101.0,1
5826,59005740,0,12,33000.0,-4.8,828.0,0
5833,59001975,0,8,42900.0,36462.0,38146.0,1
5838,58997555,0,4,,164737.2,138200.0,0
5862,54987789,0,9,,1515.6,138200.0,0
5870,54988373,0,11,66000.0,6195.6,7054.0,0
5871,58986146,0,5,,229862.4,200500.0,0
5875,54985173,0,5,,2707.2,2756.0,0
5878,58993710,0,1,50600.0,61864.8,52054.0,0
5881,54989484,0,7,,6590.4,22486.0,0
5888,58985486,0,7,,0.0,400500.0,0
5893,58985548,0,6,,18931.2,36001.0,0
5897,59005128,0,12,110000.0,12920.4,50318.0,0
5899,58995787,31,8,,92564.4,98000.0,0
5909,54990128,0,9,,13742.4,29948.0,0
5916,58986533,0,10,,34911.6,44500.0,0
5918,54991090,0,11,176000.0,4744.8,30774.0,0
5929,58992060,0,1,,0.0,,0
5935,58983108,0,5,,0.0,,0
5949,54987545,29,8,28600.0,435.6,30195.0,1
5952,58986063,0,7,,9000.0,38000.0,0
5956,54990550,0,10,113300.0,0.0,31903.0,0
5959,58985693,0,7,,17067.6,27462.0,0
5969,54984182,0,10,,411342.0,366938.0,1
5987,59002872,0,12,,1988.4,3169.0,0
5993,58988129,0,10,74800.0,175.2,62061.0,0
6000,54991404,0,12,,95724.0,113739.0,0
6014,54989125,0,1,,47918.4,60400.0,0
6037,58999985,0,2,16500.0,0.0,,0
6043,58986443,0,6,,2538.0,2615.0,0
6047,58995478,0,7,,11263.2,13240.0,0
6058,54983721,0,1,99000.0,-45.6,1061.0,0
6062,58983909,0,5,137500.0,0.0,9082.0,1
6068,58982563,0,4,121000.0,52426.8,48660.0,0
6076,54988209,0,10,,3896.4,20298.0,0
6083,58982776,0,2,,0.0,,1
6090,59001617,0,8,,8661.6,21219.0,1
6091,58988337,0,11,,74206.8,66293.0,1
6092,58994981,0,11,,0.0,10503.0,0
6094,59000066,0,4,,0.0,100500.0,0
6101,58999688,0,8,,355654.8,332500.0,0
6124,54983094,0,5,,30636.0,27581.0,0
6127,58997788,0,11,,7330.8,20757.0,0
6129,54985745,0,8,,30397.2,48000.0,0
6157,54985432,0,2,,0.0,100500.0,0
6169,58990756,0,2,,121843.2,100500.0,0
6175,58989600,0,4,,0.0,100500.0,0
6184,59004328,0,12,108900.0,47114.4,57982.0,0
6187,54985523,0,6,95700.0,0.0,10550.0,0
6195,59001932,0,2,,0.0,100500.0,0
6201,58983850,0,4,,708.0,18662.0,0
6205,58986997,0,11,137500.0,111864.0,132492.0,0
6208,58992481,0,1,,0.0,100500.0,0
6212,58985356,0,8,94600.0,5044.8,60052.0,0
6217,59005680,0,5,,0.0,97000.0,0
6221,54989018,0,9,114400.0,33916.8,48897.0,0
6224,58989550,0,2,57200.0,33223.2,41928.0,0
6236,58987035,0,12,,-510.0,166848.0,0
6246,54983200,0,7,,122319.6,110500.0,0
6249,59002553,0,12,,52392.0,90500.0,0
6253,58997422,0,7,,16321.2,40202.0,0
6265,59001882,0,8,,36861.6,31361.0,1
6267,58990030,0,9,149600.0,123636.0,151828.0,0
6269,58984972,0,7,114400.0,34710.0,45893.0,0
6271,58988360,0,6,,22658.4,26522.0,0
6272,58984653,0,2,,51075.6,45223.0,1
6279,54988624,0,8,,4324.8,5225.0,0
6299,58996401,0,4,,0.0,7200500.0,0
6322,59001213,0,7,,205356.0,197500.0,0
6327,59001297,0,8,,3880.8,18500.0,0
6334,54989065,0,9,106700.0,55129.2,95477.0,0
6336,59000129,0,4,,0.0,100500.0,0
6341,59006219,0,10,,528427.2,500500.0,0
6344,59003741,0,14,28600.0,29221.2,26149.0,0
6346,59002746,0,11,,92343.6,100500.0,1
6349,58999934,0,11,,-51.6,7221.0,0
6354,58999718,0,10,,0.0,25250.0,0
6367,58989748,0,10,,44658.0,63048.0,1
6375,59002803,0,1,,0.0,5299.0,1
6377,54990417,0,11,111100.0,19570.8,16871.0,0
6379,58997840,0,9,,84085.2,100500.0,0
6388,58997265,0,6,205700.0,18355.2,34626.0,0
6393,58998583,0,10,108900.0,5540.4,29879.0,0
6397,58983605,0,6,,0.0,18551.0,0
6406,54991474,0,14,117700.0,0.0,31142.0,0
6413,59001031,0,10,,33320.4,31164.0,0
6415,59000580,0,12,127600.0,22935.6,33800.0,0
6417,58998919,0,11,55000.0,63217.2,53532.0,1
6420,58993583,0,12,,4147.2,40057.0,0
6428,58994549,0,6,,1203596.4,1012697.0,0
6431,59006239,0,12,,2492.4,15440.0,0
6434,59003280,0,11,,45915.6,73036.0,1
6435,59001300,0,9,,25512.0,30607.0,0
6436,59004373,0,13,,231400.8,234500.0,0
6440,54985320,0,8,,13212.0,15962.0,0
6445,58985684,0,9,135300.0,46560.0,99077.0,0
6447,58989402,0,8,116600.0,25117.2,32627.0,0
6450,58989269,0,7,,337008.0,302500.0,1
6455,58993744,0,11,,501434.4,485993.0,0
6474,59005405,0,12,,78948.0,140500.0,0
6479,58993796,0,12,,521348.4,500500.0,0
6489,54991470,0,14,550000.0,322006.8,511715.0,0
6509,54989200,0,11,,49263.6,45263.0,1
6510,59003773,0,11,138600.0,31134.0,32108.0,0
6512,54983719,0,10,96800.0,48388.8,40824.0,0
6522,58983845,0,7,82500.0,0.0,21815.0,0
6530,59005240,0,14,,0.0,21000.0,0
6535,58989779,0,10,148500.0,11727.6,30566.0,0
6540,58986809,0,13,,4089.6,26480.0,1
6541,54982916,0,7,100100.0,205.2,48310.0,0
6546,58991820,0,11,,204543.6,200500.0,0
6565,59000101,0,4,45100.0,32974.8,36500.0,1
6568,58982672,0,2,,13296.0,19500.0,0
6572,58989720,0,4,112200.0,-39.6,6616.0,0
6576,58994048,0,10,108900.0,21915.6,46398.0,0
6578,58989171,0,4,,102014.4,100500.0,0
6589,58986802,0,13,96800.0,83355.6,86843.0,1
6591,59005598,0,1,,0.0,21500.0,0
6609,58990836,0,11,,-133.2,5263.0,0
6626,54982530,0,7,55000.0,0.0,3806.0,0
6630,58988871,0,7,,10436.4,29490.0,0
6642,54988391,0,15,,285934.8,300500.0,0
6648,54983342,0,9,,0.0,27000.0,0
6659,58994117,0,1,,0.0,27500.0,0
6664,58988787,0,9,,16532.4,14277.0,0
6668,58983291,1,8,162800.0,2924.4,15122.0,0
6672,59005843,0,15,55000.0,33940.8,42594.0,0
6674,54983623,0,9,,372304.8,350500.0,0
6681,54985569,0,2,,49080.0,41400.0,0
6686,54991967,0,8,22000.0,20398.8,20499.0,0
6687,54986764,0,7,93500.0,3598.8,5883.0,0
6689,59000143,0,6,42900.0,29329.2,36036.0,0
6691,58996064,0,10,106700.0,113962.8,100642.0,0
6693,54988283,0,2,,0.0,100500.0,1
6696,59005413,0,13,,164564.4,190879.0,0
6704,58988646,0,10,,0.0,30300.0,0
6712,58983307,0,10,,86154.0,79453.0,0
6714,54982665,0,9,60500.0,6657.6,18934.0,1
6718,54985687,0,10,,17835.6,15363.0,1
6722,54988125,0,15,163900.0,30520.8,41674.0,0
6724,59004290,0,14,125400.0,121910.4,107265.0,0
6727,59001833,0,15,57200.0,31646.4,48829.0,0
6730,54992154,0,17,33000.0,36876.0,32433.0,0
6733,54985358,0,9,,307150.8,300500.0,1
6744,58998925,0,12,,5344.8,32870.0,0
6747,58997994,0,12,68200.0,47242.8,42320.0,0
6752,58988196,0,16,,0.0,30326.0,0
6759,58990308,0,10,,301591.2,278000.0,0
6766,59002318,0,4,,24858.0,21215.0,0
6768,54988080,0,6,,41330.4,34942.0,0
6770,58988697,0,4,61600.0,46482.0,39235.0,1
6778,58990236,0,5,,3978.0,4377.0,0
6791,59001863,0,4,,157639.2,141500.0,0
6796,54989050,0,8,77000.0,24421.2,37897.0,0
6798,58990417,0,5,,285925.2,250500.0,0
6805,58985063,0,6,,192147.6,174500.0,0
6812,54989370,0,7,,10012.8,33900.0,0
6818,59003122,0,12,108900.0,159.6,15569.0,0
6820,54984134,0,10,,544650.0,500500.0,1
6830,54989257,0,11,73700.0,71998.8,67589.0,1
6835,54985624,63,9,,1853347.2,1600500.0,0
6837,58998147,0,11,,6318.0,26167.0,0
6840,58998938,0,12,,0.0,30500.0,0
6856,59002940,0,16,,66262.8,65779.0,0
6857,58998809,0,13,170500.0,51757.2,111499.0,0
6860,59004748,0,17,,520462.8,543500.0,0
6863,58986215,0,15,152900.0,19041.6,90621.0,0
6866,58991066,0,11,93500.0,87729.6,73608.0,0
6870,58983073,0,11,74800.0,55550.4,68213.0,0
6875,58983893,0,14,99000.0,29239.2,78912.0,0
6877,58982721,0,17,57200.0,46681.2,54742.0,1
6880,58991614,0,23,,1742.4,40500.0,1
6887,54982387,0,26,,917833.2,1200500.0,1
6898,59000498,0,24,57200.0,92520.0,123341.0,0
6901,58987165,0,24,,178839.6,252768.0,0
6910,54985197,0,21,162800.0,48924.0,87547.0,0
6917,58983376,0,22,94600.0,-33.6,89692.0,0
6934,59004100,0,27,36300.0,14038.8,17265.0,0
6935,54991669,0,27,91300.0,54142.8,62603.0,0
6941,54986068,0,13,,414116.4,400500.0,0
6952,58989594,0,13,33000.0,36072.0,34389.0,1
6957,54984903,0,12,,32660.4,62000.0,1
6967,58984749,0,12,,13263.6,11553.0,0
6971,58989576,0,12,133100.0,2391.6,8510.0,0
6978,59001563,0,16,96800.0,25882.8,69184.0,1
6981,58989236,0,12,82500.0,15727.2,57083.0,1
6982,58982803,0,11,,8804.4,8737.0,0
6986,58990758,0,13,134200.0,32592.0,57378.0,0
6988,59000851,0,19,228800.0,14348.4,55211.0,0
6994,58985785,0,18,11000.0,13.2,26377.0,0
7000,54982697,0,17,135300.0,360.0,48811.0,0
7002,58988902,0,17,79200.0,147804.0,177082.0,0
7010,58998658,0,24,135300.0,41614.8,117013.0,0
7015,58982423,0,24,,500866.8,660500.0,0
7019,58991085,0,15,,158658.0,173500.0,1
7024,58983791,0,13,,292881.6,280500.0,0
7037,58997904,0,13,,512882.4,500500.0,0
7048,54982859,0,7,,310322.4,300500.0,0
7055,58985009,0,11,,69012.0,58010.0,1
7058,59005268,0,20,,193086.0,248500.0,1
7060,59001201,0,2,110000.0,3530.4,7318.0,0
7064,54984131,0,13,85800.0,66283.2,67011.0,0
7070,59005838,0,21,27500.0,27253.2,27528.0,0
7071,54989286,0,14,,2056.8,39358.0,0
7085,58998256,0,8,,0.0,4459.0,0
7091,54985261,0,10,149600.0,106514.4,134576.0,0
7115,54982998,0,20,,88846.8,320500.0,0
7123,59001626,0,24,,2280800.4,1953360.0,0
7130,58985795,0,10,,19995.6,50499.0,1
7143,58996654,0,18,,6235.2,31348.0,0
7145,58990663,0,1,,0.0,55500.0,0
7173,54986544,0,15,73700.0,19471.2,39058.0,1
7178,59000822,0,16,27500.0,1836.0,2811.0,0
7191,58985542,0,6,27500.0,5958.0,,0
7203,58999754,0,11,,0.0,16500.0,1
7213,58984207,0,14,,29084.4,47500.0,0
7222,58990002,0,3,46200.0,18600.0,16000.0,0
7231,58982401,0,4,44000.0,44740.8,39873.0,0
7236,58989344,0,4,,0.0,10000500.0,1
7251,58988867,0,2,123200.0,2211.6,49048.0,0
7255,58991921,0,11,,0.0,,0
7272,54990557,0,19,91300.0,102013.2,91341.0,0
7275,58985627,0,17,,1083.6,47993.0,0
7278,54984214,0,18,55000.0,50209.2,46081.0,0
7279,54982353,0,1,55000.0,0.0,2068.0,0
7297,58984726,0,2,,0.0,113219.0,1
7320,54991100,0,19,55220.0,7710.0,30863.0,0
7325,58986069,0,6,,448479.6,600500.0,0
7345,58994016,30,15,,0.0,,1
7352,58984421,0,4,45100.0,21166.8,44000.0,0
7369,58984646,0,14,85800.0,1234.8,79347.0,0
7371,54989353,0,13,130900.0,63956.4,70158.0,0
7374,54986089,0,13,,46183.2,67700.0,0
7375,58992009,0,22,,289431.6,500500.0,0
7379,54987682,0,15,73700.0,27781.2,59039.0,0
7382,58998661,0,18,123200.0,44090.4,81124.0,1
7384,58989341,0,16,,44569.2,41917.0,1
7385,54987865,0,21,,106486.8,158500.0,0
7392,58992325,0,20,64900.0,23882.4,43918.0,0
7413,58996500,0,19,159500.0,36013.2,110248.0,0
7415,54983799,0,15,,114184.8,136500.0,0
7420,59001818,0,18,71500.0,56192.4,53437.0,0
7424,58990187,0,18,,3694.8,71265.0,0
7431,58985568,0,19,123200.0,122.4,21975.0,0
7433,58991782,0,1,,0.0,54550.0,0
7436,54989469,45,16,156200.0,2598.0,33950.0,0
7438,58983865,0,16,,1683698.4,1430500.0,0
7445,58997329,0,17,,73808.4,89887.0,0
7455,58989298,0,16,27500.0,4910.4,14684.0,0
7465,58998842,0,21,,1201.2,3508.0,0
7469,59001893,0,22,122100.0,0.0,46008.0,0
7473,59001188,0,21,,197716.8,250500.0,0
7477,54988718,0,25,114400.0,24378.0,36954.0,0
7480,58990626,0,19,136400.0,41558.4,49865.0,0
7483,54988512,213,20,111100.0,342.0,1879.0,1
7485,58996120,0,12,,0.0,20500.0,0
7488,54991219,30,19,23100.0,0.0,2424.0,1
7489,59001375,0,18,,5385.6,29889.0,1
7490,54982579,0,19,,72666.0,79462.0,0
7512,54988464,0,21,115500.0,2547.6,20549.0,0
7517,54986948,0,23,55000.0,119241.6,220084.0,1
7525,54987083,0,23,136400.0,356721.6,297768.0,0
7528,58993739,0,0,,0.0,36000.0,0
7539,58988052,0,16,104500.0,1009.2,75805.0,0
7552,54982463,0,15,,79780.8,100500.0,0
7554,58984960,0,14,85800.0,36.0,1496.0,0
7557,59003223,0,23,,1398.0,8972.0,0
7560,58989409,45,16,11000.0,11574.0,21781.0,0
7565,58995168,0,26,127600.0,16332.0,28842.0,1
7569,58984428,0,19,94600.0,0.0,14373.0,0
7574,54987401,0,26,,1625805.6,1445659.0,0
7580,59003162,0,17,,931.2,17372.0,1
7586,58997888,0,24,147400.0,-3097.2,79671.0,0
7597,58998351,0,14,,0.0,8507.0,0
7614,58992082,0,11,,-32.4,36273.0,0
7627,59005871,0,29,34100.0,11610.0,32371.0,0
7632,58983297,0,13,,0.0,35189.0,1
7645,54983822,0,19,,0.0,49200.0,0
7650,58991973,0,26,57200.0,52819.2,56923.0,0
7654,58985495,0,25,165000.0,1843.2,80585.0,1
7662,59000211,0,0,,0.0,11200.0,0
7677,54988030,0,28,36300.0,0.0,11189.0,0
7690,54986687,0,2,62700.0,0.0,72700.0,0
7696,58991343,0,11,,-1508.4,,0
7735,58998624,0,27,134200.0,416.4,16375.0,0
7738,58983868,0,30,,15343.2,38912.0,0
7743,58993253,0,28,,2077.2,39462.0,1
7744,58993767,0,26,,0.0,60500.0,0
7751,54984774,0,0,,0.0,52100.0,0
7761,58991241,0,27,137500.0,89727.6,93055.0,0
7763,54986232,0,3,180400.0,117268.8,159390.0,0
7772,58992687,22,24,55000.0,54159.6,68198.0,0
7778,58983048,0,28,,237541.2,675500.0,0
7779,58990951,0,28,,59620.8,70184.0,0
7781,59003779,0,28,116600.0,106210.8,116137.0,0
7784,58982923,0,23,33000.0,33231.6,28959.0,0
7785,54984386,0,28,,160904.4,210500.0,1
7792,59001900,60,30,124300.0,105274.8,118229.0,1
7797,58997216,0,26,,2460.0,35921.0,0
7798,54986897,0,29,,283368.0,250500.0,0
7809,59000231,0,28,83600.0,0.0,,0
7828,58982371,0,2,,-1.2,77219.0,0
7840,58997686,0,28,66000.0,50424.0,57931.0,0
7844,54991534,0,28,68200.0,11658.0,61326.0,0
7852,58983500,47,25,,196692.0,250500.0,1
7853,58999263,1,25,96800.0,5881.2,70431.0,0
7858,58993402,0,1,100100.0,0.0,,0
7869,58983905,30,23,34100.0,23970.0,25762.0,0
7872,58998833,0,31,57200.0,3622.8,31225.0,0
7873,58991029,0,3,,87656.4,73547.0,0
7875,54988258,0,32,39600.0,7562.4,27097.0,0
7876,58982376,0,13,,323187.6,1000500.0,0
7884,58995669,0,0,,0.0,49000.0,0
7886,59000209,0,0,,0.0,23000.0,0
7903,54985977,0,0,,0.0,32400.0,0
7909,58994630,13,33,44000.0,29245.2,34159.0,0
7912,58988758,43,26,,4135308.0,3700500.0,0
7914,59003447,0,30,57200.0,37596.0,54986.0,0
7917,54985621,0,0,,0.0,26501.0,0
7937,54984047,0,29,,185770.8,255253.0,1
7947,58983822,0,9,,0.0,28400.0,1
7955,54985929,145,26,,358713.6,527500.0,0
7958,58989709,0,32,,0.0,20495.0,0
7963,59000414,0,3,185900.0,68722.8,127651.0,0
7966,58986623,0,35,57200.0,23658.0,36334.0,0
7971,58994376,0,35,,5610511.2,4800500.0,0
7978,58983409,0,25,,0.0,1645113.0,0
7980,59002460,0,35,,21846.0,48241.0,0
7983,54988158,0,3,,0.0,,0
8011,58983160,180,30,143000.0,-61.2,22593.0,0
8016,54990474,0,36,60500.0,1002.0,16981.0,0
8019,59001353,0,5,,0.0,232022.0,0
8029,58994740,0,14,,0.0,22500.0,0
8034,59002429,0,36,29700.0,29035.2,30626.0,0
8036,54984388,0,36,11000.0,-19.2,11634.0,0
8042,54988224,0,4,,0.0,35500.0,1
8049,58998054,0,15,15400.0,0.0,7375.0,0
8057,59003724,0,35,,14822.4,37944.0,1
8058,58997449,0,17,,0.0,125500.0,0
8067,58993563,0,20,,0.0,1551.0,0
8077,54984058,0,36,,0.0,27621.0,0
8078,58998223,0,36,132000.0,12144.0,60173.0,0
8084,54986429,0,36,,0.0,485500.0,1
8088,54987675,0,9,,0.0,1388.0,0
8094,58999931,0,36,,2161.2,44411.0,0
8096,58983730,0,35,110000.0,11239.2,100444.0,0
8101,58982754,0,36,,5850.0,65491.0,1
8118,54982725,0,36,,15817.2,43584.0,0
8119,58982583,0,11,,0.0,23600.0,0
8136,54987233,26,25,,0.0,108534.0,0
8141,54989545,105,30,84150.0,57222.0,97925.0,0
8151,58991914,0,34,269500.0,33205.2,127816.0,0
8155,58987715,480,29,22000.0,-99.6,27446.0,1
8160,59000930,0,11,,0.0,36490.0,0
8166,59000336,0,36,,0.0,75500.0,1
8168,58992450,533,28,27500.0,0.0,40561.0,0
8175,59003267,0,1,,0.0,43500.0,0
8179,58990727,0,2,,0.0,,0
8188,58989819,0,14,,0.0,300500.0,0
8195,58999697,0,34,,0.0,154500.0,0
8202,54988388,0,33,,415662.0,400500.0,0
8203,59003613,0,26,11000.0,0.0,,0
8208,58991407,0,29,,0.0,242333.0,0
8225,54988633,0,34,,1203.6,501.0,0
8228,58982507,0,26,,2235.6,11499.0,0
8229,54989871,0,2,227700.0,4581.6,196629.0,0
8230,58984708,0,2,,0.0,1680.0,0
8236,54982356,0,1,,0.0,600500.0,0
8243,58982397,1,35,234300.0,17764.8,120301.0,0
